store_name,ad_name,business_district_name,organize_op_name,area_level_name,amount_month,sup_profit_month,net_profit_month,investment
门店1808,城市1072,商圈102,五级组织,大型,55661.5,6573.3,21911.0,139521
门店1249,城市1075,商圈103,一级组织,超大型,43468.5,6167.85,20559.5,171569
门店1873,城市1061,商圈101,九级组织,中型,53953.5,5935.64,19785.5,150136
门店1482,城市1100,商圈105,四级组织,中型,47209.5,5586.3,18621.0,142268
门店1689,城市1020,商圈101,四级组织,大型,48127.0,8080.04,26933.5,190551
门店1833,城市1071,商圈101,十级组织,中型,51243.5,6160.05,20533.5,126223
门店1968,城市1001,商圈104,八级组织,中型,53446.5,6451.5,21505.0,134101
门店1088,城市1030,商圈105,九级组织,中型,49688.0,6157.64,20525.5,170408
门店1373,城市1062,商圈101,六级组织,中型,43508.5,5716.5,19055.0,160929
门店1326,城市1065,商圈102,三级组织,大型,49347.0,6556.04,21853.5,179482
门店1922,城市1010,商圈101,八级组织,超大型,51406.0,5962.05,19873.5,166145
门店1911,城市1099,商圈103,八级组织,超大型,52380.0,8786.7,29289.0,129354
门店1538,城市1084,商圈103,六级组织,大型,50459.5,6736.5,22455.0,196608
门店1620,城市1087,商圈105,二级组织,大型,48651.0,6223.35,20744.5,170594
门店1502,城市1094,商圈105,一级组织,小型,44099.0,7215.3,24051.0,130802
门店1015,城市1016,商圈105,二级组织,超大型,50112.0,5795.84,19319.5,115600
门店1634,城市1044,商圈104,六级组织,小型,52825.5,6099.3,20331.0,149822
门店1761,城市1100,商圈102,六级组织,超大型,51299.0,5111.7,17039.0,149315
门店1510,城市1051,商圈104,二级组织,大型,52373.0,6967.2,23224.0,102046
门店1262,城市1088,商圈104,一级组织,大型,53189.5,5343.45,17811.5,120403
门店1664,城市1015,商圈102,五级组织,大型,54066.5,7811.7,26039.0,155235
门店1959,城市1097,商圈104,四级组织,超大型,52201.0,7890.74,26302.5,170085
门店1623,城市1048,商圈103,三级组织,大型,58183.0,7355.1,24517.0,172994
门店1707,城市1023,商圈102,十级组织,中型,48886.0,5112.15,17040.5,195086
门店1614,城市1061,商圈101,三级组织,中型,54883.0,6579.9,21933.0,199935
门店1416,城市1087,商圈101,二级组织,小型,48678.5,8608.65,28695.5,113017
门店1896,城市1054,商圈102,五级组织,中型,51704.5,5155.95,17186.5,111085
门店1176,城市1099,商圈105,一级组织,小型,55456.0,7404.0,24680.0,181006
门店1842,城市1089,商圈102,二级组织,大型,53656.5,6506.54,21688.5,135291
门店1389,城市1054,商圈105,二级组织,中型,47584.5,7430.55,24768.5,197073
门店1612,城市1063,商圈104,五级组织,大型,49622.0,5194.94,17316.5,150263
门店1915,城市1013,商圈104,九级组织,大型,46667.0,6736.95,22456.5,130092
门店1314,城市1055,商圈101,六级组织,大型,53435.0,6522.9,21743.0,162529
门店1432,城市1076,商圈102,七级组织,小型,47008.5,8158.34,27194.5,120401
门店1882,城市1057,商圈102,九级组织,中型,50370.5,6678.9,22263.0,195509
门店1107,城市1008,商圈101,八级组织,大型,48291.0,6727.34,22424.5,133838
门店1774,城市1019,商圈101,六级组织,中型,51285.0,6786.9,22623.0,162221
门店1438,城市1024,商圈101,九级组织,大型,56964.0,7262.7,24209.0,126545
门店1680,城市1085,商圈101,四级组织,小型,50467.0,6511.5,21705.0,114347
门店1981,城市1001,商圈102,十级组织,中型,48511.0,6678.14,22260.5,192806
门店1542,城市1002,商圈102,九级组织,中型,45985.5,5225.4,17418.0,125446
门店1117,城市1079,商圈102,三级组织,中型,49583.5,7842.74,26142.5,196019
门店1394,城市1002,商圈101,四级组织,超大型,52381.0,6024.15,20080.5,158374
门店1475,城市1027,商圈104,二级组织,超大型,44115.5,7339.65,24465.5,121386
门店1891,城市1046,商圈101,二级组织,中型,49157.5,7086.75,23622.5,158603
门店1369,城市1055,商圈101,二级组织,小型,46062.0,5229.3,17431.0,151614
门店1458,城市1008,商圈105,一级组织,小型,51587.0,6310.04,21033.5,137566
门店1778,城市1091,商圈104,三级组织,超大型,52387.0,6843.14,22810.5,110530
门店1391,城市1083,商圈105,七级组织,中型,44386.5,5581.65,18605.5,179452
门店1570,城市1061,商圈101,五级组织,小型,47271.0,7071.6,23572.0,144506
门店1380,城市1013,商圈101,十级组织,大型,54039.5,6382.05,21273.5,141439
门店1127,城市1046,商圈102,七级组织,小型,45947.5,6589.2,21964.0,190954
门店1920,城市1047,商圈105,十级组织,小型,52145.5,6418.35,21394.5,186886
门店1439,城市1093,商圈103,十级组织,大型,48306.0,7581.6,25272.0,137445
门店1975,城市1018,商圈101,三级组织,超大型,48594.5,7323.45,24411.5,150283
门店1605,城市1003,商圈103,四级组织,大型,48750.0,5059.95,16866.5,132897
门店1666,城市1068,商圈101,十级组织,小型,54225.0,7330.95,24436.5,139552
门店1026,城市1070,商圈105,十级组织,中型,46412.0,6093.15,20310.5,122121
门店1501,城市1003,商圈104,九级组织,中型,50166.0,7546.04,25153.5,153601
门店1013,城市1047,商圈101,一级组织,小型,49018.0,5027.25,16757.5,135101
门店1712,城市1010,商圈101,四级组织,大型,55383.0,6790.05,22633.5,158299
门店1043,城市1084,商圈102,九级组织,小型,41855.0,7273.94,24246.5,168936
门店1887,城市1030,商圈104,一级组织,小型,56132.5,5274.59,17582.0,147160
门店1526,城市1075,商圈105,一级组织,中型,47475.5,7608.15,25360.5,111701
门店1310,城市1079,商圈104,八级组织,超大型,52327.0,6077.1,20257.0,142532
门店1831,城市1015,商圈101,八级组织,超大型,51463.0,7566.45,25221.5,189587
门店1898,城市1058,商圈104,十级组织,大型,52465.5,7143.9,23813.0,161815
门店1577,城市1085,商圈103,四级组织,超大型,47987.0,6571.2,21904.0,179063
门店1660,城市1046,商圈104,六级组织,小型,49888.5,6435.0,21450.0,143789
门店2000,城市1035,商圈104,五级组织,大型,55217.0,6340.5,21135.0,189885
门店1718,城市1007,商圈103,二级组织,小型,47356.0,6684.45,22281.5,197472
门店1895,城市1077,商圈103,九级组织,超大型,48071.0,5709.75,19032.5,177375
门店1524,城市1067,商圈105,十级组织,中型,47830.5,6474.15,21580.5,143912
门店1693,城市1055,商圈103,九级组织,小型,44312.0,6799.35,22664.5,168916
门店1413,城市1065,商圈102,三级组织,超大型,41714.0,5215.8,17386.0,105660
门店1535,城市1061,商圈104,九级组织,大型,54418.0,5856.44,19521.5,134677
门店1600,城市1003,商圈101,九级组织,大型,47541.5,8108.7,27029.0,168932
门店1161,城市1025,商圈104,一级组织,小型,44204.5,6627.75,22092.5,169252
门店1671,城市1045,商圈101,十级组织,小型,52335.5,5919.6,19732.0,185824
门店1530,城市1087,商圈104,六级组织,中型,47900.5,4658.1,15527.0,113823
门店1879,城市1002,商圈104,十级组织,小型,50888.0,7618.8,25396.0,174938
门店1365,城市1009,商圈105,五级组织,超大型,42295.5,7345.35,24484.5,109436
门店1041,城市1040,商圈101,六级组织,超大型,50448.0,5032.94,16776.5,182921
门店1273,城市1012,商圈103,四级组织,超大型,50790.5,7056.6,23522.0,185125
门店1035,城市1014,商圈104,四级组织,中型,42841.5,7253.4,24178.0,149600
门店1466,城市1082,商圈102,二级组织,小型,53192.0,6312.75,21042.5,175002
门店1214,城市1015,商圈102,六级组织,中型,44127.0,5816.4,19388.0,157915
门店1519,城市1039,商圈102,一级组织,中型,55533.0,6272.25,20907.5,197516
门店1442,城市1022,商圈102,九级组织,大型,49833.5,6049.65,20165.5,151474
门店1587,城市1084,商圈104,九级组织,大型,53758.5,6422.1,21407.0,147739
门店1483,城市1070,商圈102,六级组织,超大型,47977.5,5799.6,19332.0,193992
门店1820,城市1075,商圈105,八级组织,大型,50656.5,6874.5,22915.0,170681
门店1004,城市1011,商圈102,七级组织,大型,51338.5,7242.0,24140.0,183427
门店1830,城市1089,商圈103,三级组织,中型,58891.0,7559.1,25197.0,133422
门店1084,城市1065,商圈103,四级组织,超大型,52935.0,8314.34,27714.5,182110
门店1514,城市1080,商圈104,五级组织,中型,42036.0,7425.74,24752.5,199833
门店1270,城市1039,商圈102,六级组织,大型,50674.0,5481.9,18273.0,102090
门店1754,城市1015,商圈105,九级组织,中型,54656.5,6870.75,22902.5,103808
门店1641,城市1022,商圈102,三级组织,小型,50606.5,6739.05,22463.5,108124
门店1146,城市1093,商圈102,五级组织,小型,40704.5,4790.54,15968.5,102084
门店1536,城市1004,商圈103,六级组织,小型,50711.5,8045.1,26817.0,119633
门店1705,城市1098,商圈102,三级组织,小型,52237.5,7327.8,24426.0,175404
门店1758,城市1016,商圈105,五级组织,超大型,49269.0,5368.5,17895.0,189726
门店1769,城市1036,商圈101,五级组织,大型,49333.5,8131.64,27105.5,128402
门店1318,城市1024,商圈103,二级组织,中型,42225.5,5462.1,18207.0,178211
门店1445,城市1043,商圈101,六级组织,大型,54019.0,6526.95,21756.5,173650
门店1515,城市1057,商圈103,八级组织,小型,51807.0,8344.65,27815.5,109176
门店1857,城市1073,商圈103,二级组织,超大型,46521.5,5621.4,18738.0,194786
门店1540,城市1022,商圈104,十级组织,小型,50757.0,6238.2,20794.0,155424
门店1235,城市1020,商圈103,一级组织,中型,54913.5,6648.0,22160.0,164393
门店1582,城市1057,商圈105,三级组织,中型,41329.5,8014.2,26714.0,166135
门店1699,城市1080,商圈105,二级组织,超大型,55941.5,8134.65,27115.5,144074
门店1863,城市1080,商圈102,十级组织,小型,47895.5,7851.3,26171.0,161058
门店1118,城市1031,商圈101,九级组织,大型,45143.5,5464.35,18214.5,110465
门店1943,城市1020,商圈102,一级组织,超大型,48489.0,7580.39,25268.0,184536
门店1042,城市1067,商圈102,五级组织,中型,43609.0,6264.3,20881.0,186412
门店1058,城市1083,商圈101,十级组织,大型,47745.0,7765.64,25885.5,128517
门店1908,城市1059,商圈101,四级组织,中型,55488.5,6466.95,21556.5,192491
门店1706,城市1082,商圈101,四级组织,超大型,59683.0,5022.6,16742.0,105001
门店1074,城市1067,商圈104,八级组织,中型,47158.0,5311.2,17704.0,197866
门店1574,城市1063,商圈104,五级组织,小型,59018.0,7720.34,25734.5,142394
门店1777,城市1093,商圈104,七级组织,大型,49260.0,6734.25,22447.5,139979
门店1436,城市1100,商圈104,一级组织,超大型,52932.0,7666.8,25556.0,177642
门店1948,城市1014,商圈105,二级组织,超大型,56012.0,7573.94,25246.5,135020
门店1935,城市1024,商圈105,二级组织,超大型,47103.0,7343.7,24479.0,165401
门店1737,城市1066,商圈103,五级组织,大型,50337.5,6379.8,21266.0,189041
门店1838,城市1041,商圈104,一级组织,超大型,49873.5,6466.95,21556.5,109611
门店1862,城市1073,商圈104,七级组织,中型,56929.5,6876.0,22920.0,108278
门店1230,城市1030,商圈102,九级组织,中型,51012.5,8193.0,27310.0,140883
门店1302,城市1018,商圈101,六级组织,超大型,54307.0,6683.54,22278.5,110109
门店1346,城市1053,商圈105,九级组织,大型,53694.0,6916.5,23055.0,160608
门店1452,城市1095,商圈102,四级组织,超大型,53510.0,6095.4,20318.0,197294
门店1902,城市1008,商圈101,八级组织,小型,48698.5,7447.8,24826.0,112809
门店1708,城市1074,商圈101,一级组织,超大型,47569.0,7786.95,25956.5,174208
门店1126,城市1080,商圈105,八级组织,中型,48015.0,6671.85,22239.5,142165
门店1779,城市1007,商圈103,九级组织,大型,52596.0,7032.6,23442.0,131035
门店1409,城市1068,商圈103,四级组织,小型,51671.5,7390.8,24636.0,144188
门店1456,城市1051,商圈103,八级组织,超大型,42869.5,5690.85,18969.5,115273
门店1164,城市1003,商圈102,三级组织,小型,53745.0,7498.94,24996.5,116040
门店1201,城市1075,商圈102,三级组织,大型,51439.5,6306.74,21022.5,145799
门店1423,城市1080,商圈102,七级组织,超大型,53364.5,5650.05,18833.5,125562
门店1604,城市1075,商圈101,二级组织,大型,40608.5,5103.0,17010.0,105480
门店1569,城市1055,商圈101,三级组织,超大型,49512.5,8157.0,27190.0,147094
门店1562,城市1064,商圈105,六级组织,小型,46069.5,7774.94,25916.5,182378
门店1735,城市1084,商圈104,二级组织,超大型,44325.5,5924.25,19747.5,105060
门店1300,城市1064,商圈104,五级组织,中型,51763.5,8290.64,27635.5,191559
门店1167,城市1027,商圈105,七级组织,小型,55945.0,6209.4,20698.0,148798
门店1527,城市1078,商圈102,十级组织,中型,50986.0,6105.9,20353.0,120614
门店1819,城市1051,商圈104,一级组织,大型,51473.0,6458.7,21529.0,114169
门店1964,城市1067,商圈105,八级组织,小型,49502.5,6332.85,21109.5,123765
门店1047,城市1026,商圈103,十级组织,中型,48126.5,5240.25,17467.5,125285
门店1091,城市1057,商圈105,七级组织,小型,49895.0,6836.7,22789.0,154574
门店1232,城市1098,商圈104,十级组织,小型,43221.5,4673.54,15578.5,132455
门店1097,城市1012,商圈101,六级组织,大型,57342.0,7167.15,23890.5,109834
门店1802,城市1077,商圈105,七级组织,超大型,43665.5,6038.7,20129.0,142605
门店1545,城市1085,商圈102,二级组织,小型,47350.0,7814.7,26049.0,136343
门店1571,城市1084,商圈101,四级组织,超大型,51216.5,8625.45,28751.5,190481
门店1289,城市1027,商圈103,七级组织,超大型,49564.0,6603.45,22011.5,111071
门店1567,城市1008,商圈101,九级组织,小型,50343.5,8485.65,28285.5,163669
门店1082,城市1024,商圈104,四级组织,超大型,55480.5,7411.04,24703.5,160323
门店1193,城市1041,商圈105,四级组织,小型,52773.0,7482.3,24941.0,115409
门店1329,城市1015,商圈102,八级组织,中型,41079.0,5746.8,19156.0,107135
门店1972,城市1099,商圈102,五级组织,中型,49109.5,7675.5,25585.0,116710
门店1345,城市1001,商圈101,六级组织,中型,45834.0,6504.6,21682.0,106845
门店1559,城市1075,商圈104,三级组织,小型,47807.5,6701.84,22339.5,107066
门店1077,城市1058,商圈103,二级组织,超大型,53303.5,8054.99,26850.0,179318
门店1197,城市1096,商圈105,三级组织,大型,49068.0,7058.4,23528.0,136720
门店1234,城市1030,商圈102,八级组织,大型,52486.0,7074.6,23582.0,109999
门店1156,城市1009,商圈103,一级组织,大型,47716.5,6780.44,22601.5,100327
门店1662,城市1014,商圈105,三级组织,中型,53806.5,7215.45,24051.5,195913
门店1395,城市1013,商圈101,五级组织,超大型,49632.5,7134.15,23780.5,131655
门店1626,城市1067,商圈102,三级组织,中型,58823.5,5924.09,19747.0,112128
门店1218,城市1094,商圈102,四级组织,大型,42844.0,6166.05,20553.5,149830
门店1607,城市1089,商圈104,九级组织,超大型,50278.0,5436.9,18123.0,186323
门店1355,城市1023,商圈105,三级组织,大型,52462.5,6416.24,21387.5,193938
门店1829,城市1004,商圈105,三级组织,超大型,58486.5,7833.3,26111.0,149901
门店1236,城市1071,商圈101,九级组织,中型,51686.0,7014.74,23382.5,142045
门店1381,城市1045,商圈104,三级组织,大型,49690.0,5553.75,18512.5,153747
门店1632,城市1079,商圈102,八级组织,超大型,48620.0,6417.15,21390.5,170334
门店1177,城市1026,商圈105,二级组织,中型,45068.0,5709.9,19033.0,187329
门店1089,城市1027,商圈101,七级组织,大型,51250.0,6354.0,21180.0,199032
门店1599,城市1088,商圈103,二级组织,大型,45634.0,8087.1,26957.0,110869
门店1092,城市1095,商圈103,六级组织,小型,48478.5,6370.2,21234.0,171961
门店1349,城市1019,商圈105,四级组织,小型,51732.0,7288.34,24294.5,175252
门店1248,城市1002,商圈105,五级组织,小型,41303.5,5959.8,19866.0,155252
门店1251,城市1089,商圈103,八级组织,大型,43884.0,6949.65,23165.5,125072
门店1150,城市1045,商圈102,三级组织,中型,51245.0,5921.85,19739.5,134830
门店1304,城市1047,商圈102,三级组织,超大型,44583.5,7862.55,26208.5,185454
门店1342,城市1057,商圈105,二级组织,小型,54140.0,7116.3,23721.0,124953
门店1750,城市1075,商圈104,四级组织,大型,48657.0,6958.8,23196.0,147471
门店1825,城市1005,商圈101,五级组织,大型,41086.0,7253.55,24178.5,135464
门店1478,城市1042,商圈104,四级组织,超大型,47275.0,7333.05,24443.5,175494
门店1697,城市1016,商圈101,一级组织,小型,43123.5,7080.3,23601.0,177533
门店1307,城市1058,商圈101,八级组织,小型,48511.5,6343.35,21144.5,129406
门店1547,城市1031,商圈101,四级组织,大型,53171.5,5935.35,19784.5,112117
门店1353,城市1085,商圈102,八级组织,小型,51789.5,7066.65,23555.5,123719
门店1937,城市1015,商圈105,五级组织,大型,51483.5,5511.9,18373.0,171661
门店1298,城市1086,商圈101,七级组织,超大型,48278.0,5859.75,19532.5,138822
门店1575,城市1028,商圈104,七级组织,大型,51163.5,7403.55,24678.5,124027
门店1720,城市1073,商圈104,十级组织,超大型,47815.5,6742.8,22476.0,142445
门店1231,城市1071,商圈103,九级组织,中型,43664.0,7301.25,24337.5,144008
门店1694,城市1095,商圈105,二级组织,小型,53301.5,7130.7,23769.0,152809
门店1312,城市1094,商圈103,三级组织,小型,50796.0,8385.45,27951.5,137017
门店1508,城市1066,商圈104,七级组织,小型,52972.5,6714.6,22382.0,144663
门店1285,城市1031,商圈101,七级组织,中型,45513.5,7723.65,25745.5,102181
门店1771,城市1010,商圈103,三级组织,小型,47908.0,5153.4,17178.0,111458
门店1454,城市1055,商圈102,三级组织,小型,53779.0,7338.74,24462.5,121681
门店1572,城市1002,商圈104,十级组织,小型,50648.5,6499.8,21666.0,123793
门店1760,城市1092,商圈101,八级组织,大型,49731.5,6468.9,21563.0,130004
门店1955,城市1085,商圈102,二级组织,大型,42949.5,7957.8,26526.0,127930
门店1031,城市1013,商圈102,八级组织,大型,51555.0,8597.25,28657.5,162637
门店1068,城市1024,商圈104,五级组织,大型,50274.5,6516.74,21722.5,160675
门店1352,城市1026,商圈103,一级组织,大型,53128.0,6841.04,22803.5,146134
门店1507,城市1014,商圈101,七级组织,中型,43099.5,7416.75,24722.5,110696
门店1859,城市1065,商圈105,四级组织,超大型,52097.0,6460.95,21536.5,135259
门店1169,城市1011,商圈101,三级组织,大型,55230.5,6565.34,21884.5,111752
门店1186,城市1080,商圈102,三级组织,大型,45733.0,8273.85,27579.5,192737
门店1124,城市1097,商圈102,九级组织,大型,50849.0,7060.5,23535.0,106637
门店1149,城市1077,商圈105,四级组织,大型,51160.0,8064.15,26880.5,160604
门店1764,城市1007,商圈101,七级组织,大型,57469.0,5726.7,19089.0,118709
门店1529,城市1055,商圈103,二级组织,超大型,56934.0,8266.35,27554.5,139354
门店1930,城市1070,商圈103,三级组织,中型,53976.5,8059.2,26864.0,106954
门店1106,城市1017,商圈103,十级组织,中型,55379.5,6331.95,21106.5,165467
门店1544,城市1042,商圈103,二级组织,小型,48212.0,4924.2,16414.0,189961
门店1108,城市1099,商圈105,九级组织,小型,53823.5,5478.0,18260.0,182304
门店1849,城市1070,商圈105,三级组织,中型,54982.5,6043.5,20145.0,118057
门店1548,城市1061,商圈103,六级组织,大型,43773.0,8410.65,28035.5,190187
门店1172,城市1093,商圈104,十级组织,超大型,51558.5,6942.75,23142.5,120006
门店1226,城市1052,商圈105,五级组织,中型,57841.0,6930.0,23100.0,145399
门店1125,城市1023,商圈102,八级组织,大型,50281.0,5746.65,19155.5,127733
门店1762,城市1063,商圈102,一级组织,中型,51029.5,5681.4,18938.0,133427
门店1904,城市1067,商圈103,九级组织,超大型,49702.0,7365.59,24552.0,118865
门店1336,城市1001,商圈102,七级组织,中型,47557.0,6654.14,22180.5,183001
门店1427,城市1083,商圈103,七级组织,小型,47565.0,6440.1,21467.0,166966
门店1846,城市1052,商圈102,四级组织,小型,55835.5,6145.35,20484.5,172863
门店1371,城市1083,商圈101,二级组织,中型,49125.5,7772.84,25909.5,160751
门店1040,城市1021,商圈103,二级组织,大型,52391.5,6817.95,22726.5,145720
门店1467,城市1067,商圈104,四级组织,小型,47257.5,5181.9,17273.0,171830
门店1931,城市1091,商圈104,三级组织,中型,47705.0,6818.1,22727.0,126134
门店1900,城市1066,商圈104,九级组织,中型,49260.5,7703.25,25677.5,171861
门店1638,城市1056,商圈104,五级组织,中型,53840.0,6503.1,21677.0,101273
门店1033,城市1074,商圈101,三级组织,大型,50996.5,7568.54,25228.5,102587
门店1709,城市1027,商圈105,七级组织,超大型,52210.0,6676.8,22256.0,198637
门店1525,城市1080,商圈104,五级组织,中型,43686.0,5826.74,19422.5,149631
门店1180,城市1069,商圈101,七级组织,超大型,43810.0,6063.59,20212.0,135577
门店1448,城市1053,商圈101,十级组织,大型,54697.0,7460.24,24867.5,187819
门店1470,城市1054,商圈105,三级组织,大型,57218.5,7491.3,24971.0,115473
门店1788,城市1070,商圈104,四级组织,小型,48133.0,5610.15,18700.5,179496
门店1646,城市1034,商圈102,三级组织,超大型,52854.0,6518.09,21727.0,144379
门店1129,城市1091,商圈103,一级组织,大型,49204.5,6192.15,20640.5,171019
门店1434,城市1056,商圈105,七级组织,大型,51590.5,6645.45,22151.5,168075
门店1277,城市1060,商圈101,五级组织,大型,49753.0,6581.7,21939.0,139991
门店1055,城市1086,商圈104,四级组织,小型,51843.0,5925.0,19750.0,132452
门店1281,城市1006,商圈102,三级组织,小型,56568.5,6725.7,22419.0,199420
门店1835,城市1097,商圈105,三级组织,小型,56688.0,6394.35,21314.5,180140
门店1595,城市1054,商圈102,二级组织,小型,50456.0,7323.0,24410.0,170162
门店1471,城市1034,商圈103,五级组织,大型,53771.0,7754.55,25848.5,174994
门店1933,城市1081,商圈105,一级组织,中型,42637.0,8007.3,26691.0,179709
门店1657,城市1075,商圈105,八级组织,小型,52959.5,7597.05,25323.5,133172
门店1292,城市1010,商圈104,六级组织,中型,48831.5,6659.1,22197.0,116829
门店1603,城市1023,商圈102,八级组织,中型,54603.0,5926.8,19756.0,178092
门店1872,城市1092,商圈104,十级组织,超大型,48547.5,8132.39,27108.0,150919
门店1592,城市1061,商圈104,五级组织,大型,54277.5,6453.3,21511.0,120152
门店1854,城市1095,商圈101,二级组织,大型,55206.5,6705.74,22352.5,161108
门店1717,城市1010,商圈102,八级组织,大型,45481.5,7028.7,23429.0,106646
门店1487,城市1068,商圈104,十级组织,小型,48212.0,5534.55,18448.5,192130
门店1105,城市1062,商圈104,九级组织,超大型,48154.5,6989.84,23299.5,143311
门店1477,城市1002,商圈105,七级组织,大型,51418.0,6741.3,22471.0,106641
门店1713,城市1021,商圈101,四级组织,超大型,49912.0,6286.5,20955.0,153639
门店1374,城市1030,商圈104,一级组织,大型,50433.5,5529.0,18430.0,117405
门店1500,城市1063,商圈104,一级组织,小型,42085.0,7026.44,23421.5,166384
门店1878,城市1004,商圈103,四级组织,大型,53408.0,7051.8,23506.0,185514
门店1122,城市1052,商圈103,八级组织,大型,53401.5,6171.0,20570.0,195626
门店1372,城市1082,商圈104,四级组织,中型,45678.5,5686.5,18955.0,197476
门店1404,城市1005,商圈101,十级组织,超大型,51755.0,7354.5,24515.0,128735
门店1401,城市1037,商圈101,二级组织,中型,53142.5,7279.2,24264.0,182391
门店1848,城市1089,商圈103,七级组织,大型,52017.0,7981.2,26604.0,132606
门店1237,城市1041,商圈101,七级组织,中型,57284.5,6361.5,21205.0,162257
门店1692,城市1074,商圈105,七级组织,大型,42233.0,5631.75,18772.5,179197
门店1076,城市1034,商圈103,一级组织,大型,48176.0,8332.95,27776.5,113047
门店1308,城市1019,商圈105,九级组织,超大型,55076.0,6388.04,21293.5,194036
门店1276,城市1096,商圈105,六级组织,小型,45563.5,6457.8,21526.0,101218
门店1171,城市1079,商圈104,五级组织,大型,56568.0,8282.09,27607.0,184862
门店1818,城市1026,商圈103,十级组织,小型,46077.5,5843.25,19477.5,147262
门店1135,城市1023,商圈101,六级组织,超大型,52176.0,6978.6,23262.0,144445
门店1284,城市1069,商圈105,四级组织,中型,51428.5,6018.44,20061.5,194825
门店1553,城市1094,商圈101,六级组织,超大型,54479.5,7104.74,23682.5,185804
门店1584,城市1100,商圈104,七级组织,超大型,50945.5,8247.9,27493.0,133614
门店1080,城市1053,商圈105,一级组织,小型,48096.5,6630.9,22103.0,184579
门店1166,城市1086,商圈105,八级组织,小型,47081.0,6276.0,20920.0,147637
门店1517,城市1023,商圈105,七级组织,大型,48872.0,5870.84,19569.5,125144
门店1541,城市1008,商圈103,九级组织,小型,42337.5,6670.64,22235.5,154074
门店1756,城市1077,商圈104,六级组织,超大型,54981.5,7348.5,24495.0,166055
门店1054,城市1099,商圈105,八级组织,超大型,51721.5,7237.95,24126.5,122527
门店1160,城市1013,商圈103,五级组织,超大型,52218.0,6468.6,21562.0,148277
门店1781,城市1065,商圈102,八级组织,大型,47807.0,7071.3,23571.0,117007
门店1286,城市1056,商圈101,五级组织,大型,57286.0,7909.5,26365.0,112219
门店1597,城市1045,商圈102,九级组织,小型,50534.5,5691.9,18973.0,127030
门店1919,城市1027,商圈104,五级组织,超大型,58035.0,7545.6,25152.0,185843
门店1556,城市1065,商圈104,六级组织,大型,50026.5,7560.15,25200.5,120746
门店1096,城市1100,商圈105,九级组织,中型,47413.0,6754.05,22513.5,113285
门店1555,城市1065,商圈101,十级组织,超大型,57055.0,6880.35,22934.5,100749
门店1973,城市1052,商圈104,三级组织,中型,52222.5,7036.5,23455.0,119293
门店1194,城市1039,商圈104,十级组织,超大型,57748.5,5669.25,18897.5,137542
门店1591,城市1008,商圈103,四级组织,小型,47424.0,5049.15,16830.5,162413
门店1305,城市1002,商圈104,四级组织,中型,53398.0,8287.8,27626.0,197235
门店1425,城市1030,商圈104,八级组织,小型,42259.5,6925.2,23084.0,173636
门店1311,城市1030,商圈103,七级组织,中型,51161.5,6255.0,20850.0,129831
门店1265,城市1039,商圈104,三级组织,小型,50488.5,6994.5,23315.0,140872
门店1384,城市1016,商圈102,五级组织,超大型,46621.5,7959.3,26531.0,159190
门店1046,城市1049,商圈103,七级组织,中型,48515.0,7035.45,23451.5,164098
门店1770,城市1092,商圈105,四级组织,大型,53950.0,7140.44,23801.5,113399
门店1537,城市1001,商圈105,四级组织,超大型,47938.5,7695.9,25653.0,179413
门店1006,城市1028,商圈103,五级组织,超大型,50300.5,6900.15,23000.5,176570
门店1113,城市1007,商圈105,四级组织,小型,51591.5,6237.74,20792.5,186495
门店1907,城市1048,商圈103,八级组织,小型,53912.5,6142.95,20476.5,195291
门店1870,城市1095,商圈105,二级组织,小型,49759.5,5689.94,18966.5,132881
门店1269,城市1057,商圈101,五级组织,超大型,44548.5,4872.3,16241.0,182668
门店1450,城市1071,商圈101,七级组织,超大型,53089.5,6010.5,20035.0,155682
门店1516,城市1030,商圈101,五级组织,小型,52287.0,7620.14,25400.5,120786
门店1765,城市1041,商圈104,一级组织,大型,50663.0,6257.4,20858.0,185145
门店1747,城市1067,商圈103,三级组织,中型,54704.0,6200.09,20667.0,173199
门店1178,城市1026,商圈101,二级组织,大型,49991.0,6827.85,22759.5,167145
门店1204,城市1090,商圈102,十级组织,大型,50479.0,5899.64,19665.5,149895
门店1116,城市1078,商圈104,七级组织,中型,48149.0,6386.85,21289.5,157149
门店1287,城市1091,商圈105,一级组织,小型,55721.5,8066.4,26888.0,154966
门店1673,城市1057,商圈101,六级组织,小型,50394.0,7268.54,24228.5,119525
门店1138,城市1021,商圈105,八级组织,超大型,50569.5,6688.2,22294.0,173305
门店1320,城市1051,商圈101,一级组织,中型,51595.0,6475.35,21584.5,171501
门店1826,城市1002,商圈102,九级组织,中型,50715.0,6304.5,21015.0,117324
门店1523,城市1033,商圈104,一级组织,超大型,52436.0,7666.95,25556.5,137702
门店1845,城市1095,商圈102,五级组织,超大型,54780.5,8165.84,27219.5,130268
门店1679,城市1017,商圈105,七级组织,超大型,52923.0,8768.85,29229.5,188638
门店1222,城市1086,商圈104,一级组织,大型,42401.0,6395.69,21319.0,196174
门店1560,城市1039,商圈105,七级组织,中型,55239.0,7855.8,26186.0,104346
门店1681,城市1057,商圈103,三级组织,小型,54285.0,6777.9,22593.0,172359
门店1851,城市1086,商圈102,九级组织,中型,51045.5,7160.1,23867.0,163285
门店1951,城市1053,商圈103,一级组织,小型,43885.5,5815.5,19385.0,148061
门店1229,城市1002,商圈103,八级组织,中型,58036.5,4784.54,15948.5,101006
门店1364,城市1010,商圈105,二级组织,中型,48499.5,6201.6,20672.0,147393
门店1011,城市1001,商圈104,四级组织,大型,49162.5,8329.05,27763.5,123923
门店1669,城市1051,商圈101,三级组织,超大型,57785.5,6748.34,22494.5,196368
门店1415,城市1056,商圈104,七级组织,超大型,49086.0,7779.15,25930.5,173134
门店1297,城市1024,商圈101,三级组织,小型,42396.0,6916.64,23055.5,135747
门店1363,城市1070,商圈101,五级组织,超大型,52549.0,6577.2,21924.0,116900
门店1534,城市1084,商圈103,八级组织,中型,53859.0,6503.25,21677.5,170735
门店1250,城市1006,商圈104,六级组织,大型,55199.5,7730.7,25769.0,133698
门店1367,城市1072,商圈101,三级组织,小型,55486.5,6001.5,20005.0,122841
门店1652,城市1061,商圈103,五级组织,小型,46485.0,5948.1,19827.0,109463
门店1594,城市1078,商圈103,四级组织,超大型,47940.5,7244.7,24149.0,102016
门店1792,城市1049,商圈105,七级组织,大型,52247.5,7961.39,26538.0,161588
门店1917,城市1007,商圈103,三级组织,超大型,56138.0,8340.15,27800.5,107632
门店1980,城市1077,商圈104,二级组织,小型,51313.0,6661.5,22205.0,107678
门店1869,城市1021,商圈105,九级组织,大型,48397.0,5922.3,19741.0,183230
门店1522,城市1044,商圈105,四级组织,超大型,57944.5,8107.2,27024.0,179439
门店1901,城市1059,商圈103,七级组织,大型,54398.5,7794.3,25981.0,136575
门店1994,城市1030,商圈104,八级组织,中型,48313.5,6509.4,21698.0,128983
门店1755,城市1015,商圈103,二级组织,超大型,42907.5,6830.55,22768.5,141202
门店1048,城市1030,商圈103,四级组织,小型,42164.5,7089.9,23633.0,108977
门店1490,城市1044,商圈104,五级组织,中型,50489.5,5215.5,17385.0,130212
门店1390,城市1054,商圈103,六级组织,中型,50931.0,6411.3,21371.0,156280
门店1132,城市1089,商圈104,九级组织,小型,50517.5,7192.64,23975.5,134149
门店1558,城市1039,商圈105,四级组织,大型,51732.0,5851.64,19505.5,117618
门店1832,城市1002,商圈102,五级组织,超大型,49148.0,6715.5,22385.0,108253
门店1183,城市1040,商圈105,五级组织,超大型,45525.5,6766.04,22553.5,116279
门店1745,城市1036,商圈104,七级组织,超大型,42502.5,7620.9,25403.0,109155
门店1827,城市1073,商圈101,十级组织,超大型,51769.5,7358.7,24529.0,186061
门店1446,城市1041,商圈102,四级组织,超大型,46639.0,8092.2,26974.0,103825
门店1655,城市1043,商圈103,八级组织,中型,49630.0,4827.45,16091.5,122404
门店1472,城市1058,商圈102,九级组织,中型,48989.5,5578.8,18596.0,161242
门店1323,城市1068,商圈105,十级组织,大型,55661.0,6031.2,20104.0,186077
门店1816,城市1001,商圈103,一级组织,超大型,42592.0,7198.95,23996.5,136804
门店1083,城市1029,商圈104,四级组织,小型,53112.5,5204.25,17347.5,192116
门店1492,城市1005,商圈104,五级组织,小型,51695.0,7711.5,25705.0,167730
门店1227,城市1036,商圈102,十级组织,中型,46106.0,5974.2,19914.0,174398
门店1797,城市1056,商圈101,五级组织,超大型,51877.5,5891.24,19637.5,141865
门店1997,城市1024,商圈102,一级组织,大型,53241.0,5839.05,19463.5,129702
门店1205,城市1020,商圈101,六级组织,中型,59895.0,6721.04,22403.5,157945
门店1343,城市1098,商圈101,七级组织,大型,47702.0,6164.1,20547.0,165133
门店1938,城市1010,商圈105,九级组织,小型,52399.0,5054.84,16849.5,181555
门店1038,城市1097,商圈101,七级组织,中型,55562.0,6467.4,21558.0,162948
门店1850,城市1013,商圈102,二级组织,大型,50069.5,7436.1,24787.0,197596
门店1131,城市1030,商圈105,四级组织,中型,47820.5,5885.4,19618.0,165649
门店1067,城市1005,商圈102,七级组织,小型,49911.5,5440.34,18134.5,109808
门店1494,城市1009,商圈105,二级组织,中型,46675.5,6666.14,22220.5,145497
门店1860,城市1044,商圈101,六级组织,小型,53901.5,6874.8,22916.0,159860
门店1225,城市1027,商圈103,七级组织,小型,50180.0,5502.6,18342.0,154662
门店1061,城市1010,商圈102,七级组织,中型,48792.0,8343.9,27813.0,119352
门店1443,城市1059,商圈101,四级组织,超大型,57166.0,7479.14,24930.5,128719
门店1953,城市1068,商圈103,九级组织,超大型,55784.0,6607.04,22023.5,120530
门店1810,城市1074,商圈101,一级组织,超大型,45932.0,4890.44,16301.5,141688
门店1181,城市1020,商圈105,一级组织,大型,51286.0,7983.3,26611.0,188852
门店1839,城市1037,商圈102,九级组织,大型,54161.5,8566.5,28555.0,138916
门店1654,城市1010,商圈105,二级组织,中型,51121.0,7177.2,23924.0,163982
门店1294,城市1004,商圈103,五级组织,大型,46242.0,7789.05,25963.5,152500
门店1049,城市1004,商圈105,六级组织,大型,46416.5,6163.8,20546.0,133013
门店1316,城市1083,商圈105,二级组织,大型,50534.0,6041.55,20138.5,133496
门店1406,城市1080,商圈103,十级组织,小型,48941.5,8377.5,27925.0,111632
门店1036,城市1021,商圈105,八级组织,大型,53286.5,6852.74,22842.5,167396
门店1551,城市1006,商圈105,六级组织,超大型,52796.5,6456.6,21522.0,123385
门店1421,城市1076,商圈101,六级组织,大型,53165.5,6391.5,21305.0,181937
门店1361,城市1047,商圈103,十级组织,大型,41385.5,6189.3,20631.0,194491
门店1589,城市1063,商圈103,七级组织,超大型,52606.5,6627.3,22091.0,177725
门店1424,城市1032,商圈105,一级组织,小型,47347.5,6736.5,22455.0,178615
门店1616,城市1057,商圈105,四级组织,超大型,55832.0,7103.7,23679.0,165008
门店1085,城市1089,商圈103,二级组织,小型,50686.0,6953.7,23179.0,128355
门店1732,城市1077,商圈102,八级组织,中型,52575.5,7192.05,23973.5,155249
门店1388,城市1037,商圈102,九级组织,小型,53498.5,5574.9,18583.0,162860
门店1844,城市1054,商圈101,二级组织,小型,42135.5,6561.14,21870.5,103384
门店1561,城市1094,商圈104,一级组织,大型,43753.0,7293.45,24311.5,140629
门店1782,城市1028,商圈101,八级组织,中型,43272.0,7282.95,24276.5,141308
门店1950,城市1033,商圈105,七级组织,中型,49488.0,8016.14,26720.5,188610
门店1170,城市1038,商圈103,七级组织,大型,47180.5,6454.05,21513.5,110743
门店1192,城市1009,商圈101,五级组织,中型,48766.5,6056.85,20189.5,119219
门店1960,城市1054,商圈103,三级组织,小型,46961.5,6168.45,20561.5,113218
门店1985,城市1054,商圈101,四级组织,超大型,49162.0,8259.9,27533.0,197948
门店1188,城市1074,商圈102,四级组织,超大型,53709.0,7241.55,24138.5,139742
门店1207,城市1015,商圈104,三级组织,超大型,56674.5,6445.5,21485.0,112893
门店1579,城市1098,商圈102,二级组织,小型,50315.0,5604.9,18683.0,118184
门店1056,城市1071,商圈103,十级组织,中型,47623.5,8664.9,28883.0,157718
门店1724,城市1056,商圈103,五级组织,大型,47170.0,5810.7,19369.0,189615
门店1368,城市1095,商圈102,二级组织,小型,47559.0,6614.4,22048.0,183142
门店1175,城市1044,商圈102,十级组织,超大型,43928.5,5899.94,19666.5,165796
门店1128,城市1059,商圈101,五级组织,中型,42988.5,5697.9,18993.0,106595
门店1767,城市1048,商圈103,八级组织,超大型,50097.0,6974.84,23249.5,180084
门店1728,城市1061,商圈104,九级组织,大型,51174.5,7900.94,26336.5,167710
门店1073,城市1072,商圈104,五级组织,中型,44550.5,6161.85,20539.5,101974
门店1086,城市1087,商圈103,三级组织,中型,56221.5,6276.45,20921.5,183746
门店1974,城市1100,商圈104,十级组织,大型,51315.5,8167.2,27224.0,176049
门店1254,城市1040,商圈105,六级组织,超大型,50336.0,5202.6,17342.0,102679
门店1928,城市1084,商圈101,八级组织,小型,49013.5,6783.6,22612.0,158780
门店1716,城市1092,商圈101,八级组织,中型,53988.5,5248.35,17494.5,178073
门店1144,城市1067,商圈105,四级组织,超大型,51571.5,8284.34,27614.5,144160
门店1053,城市1002,商圈104,一级组织,中型,52320.5,8227.34,27424.5,173746
门店1261,城市1089,商圈103,二级组织,超大型,51038.5,7486.34,24954.5,158840
门店1330,城市1093,商圈104,十级组织,小型,48820.0,5877.75,19592.5,149064
门店1009,城市1091,商圈103,七级组织,小型,40685.0,7438.8,24796.0,174782
门店1162,城市1031,商圈105,七级组织,中型,47608.5,4786.35,15954.5,165405
门店1992,城市1038,商圈105,七级组织,中型,45523.5,6166.8,20556.0,106156
门店1111,城市1096,商圈103,五级组织,小型,55745.0,8019.9,26733.0,190269
门店1233,城市1096,商圈102,三级组织,中型,46166.0,5407.05,18023.5,115353
门店1420,城市1061,商圈101,二级组织,小型,47655.5,5341.65,17805.5,180049
门店1512,城市1058,商圈102,六级组织,小型,41767.5,6362.1,21207.0,143339
门店1719,城市1073,商圈103,二级组织,小型,55784.5,5757.3,19191.0,137962
门店1932,城市1049,商圈104,五级组织,超大型,51099.5,7260.9,24203.0,193036
门店1815,城市1100,商圈101,七级组织,小型,42455.5,7943.85,26479.5,179038
门店1151,城市1052,商圈104,九级组织,小型,56754.0,6630.3,22101.0,188774
门店1203,城市1031,商圈103,六级组织,小型,51273.0,6868.64,22895.5,158315
门店1581,城市1090,商圈103,四级组织,超大型,48614.5,7697.1,25657.0,152814
门店1498,城市1086,商圈102,八级组织,超大型,47870.0,5773.5,19245.0,190059
门店1880,城市1096,商圈101,三级组织,大型,53092.5,6858.75,22862.5,136500
门店1566,城市1028,商圈102,一级组织,中型,53001.5,7536.3,25121.0,173990
门店1140,城市1044,商圈101,五级组织,大型,52641.0,6861.15,22870.5,129976
门店1102,城市1086,商圈104,六级组织,大型,48167.0,6432.0,21440.0,187062
门店1019,城市1007,商圈102,六级组织,超大型,50896.5,6293.85,20979.5,107220
门店1786,城市1047,商圈102,四级组织,小型,56581.0,6475.95,21586.5,192844
门店1062,城市1089,商圈103,三级组织,小型,49725.0,7783.8,25946.0,189254
门店1783,城市1025,商圈104,二级组织,小型,50916.0,6368.54,21228.5,125401
门店1874,城市1011,商圈101,三级组织,小型,56577.5,7143.74,23812.5,160511
门店1791,城市1037,商圈101,八级组织,超大型,49956.5,4941.3,16471.0,153782
门店1962,城市1031,商圈101,六级组织,中型,53423.0,5249.85,17499.5,134641
门店1319,城市1052,商圈105,五级组织,中型,51128.5,6992.54,23308.5,160821
门店1001,城市1014,商圈101,十级组织,大型,46989.5,6172.2,20574.0,124195
门店1215,城市1034,商圈103,三级组织,超大型,56582.0,5914.5,19715.0,178337
门店1990,城市1077,商圈104,八级组织,大型,52402.0,5946.75,19822.5,110135
门店1283,城市1031,商圈102,三级组织,大型,50023.5,6139.95,20466.5,104683
门店1437,城市1024,商圈102,六级组织,小型,54538.0,6605.85,22019.5,135061
门店1410,城市1075,商圈104,四级组织,中型,45274.5,6465.45,21551.5,185534
门店1246,城市1043,商圈104,四级组织,超大型,54714.0,6021.9,20073.0,100580
门店1449,城市1050,商圈104,一级组织,小型,43468.0,6425.24,21417.5,154300
门店1628,城市1042,商圈105,十级组织,大型,52808.0,6536.85,21789.5,101350
门店1924,城市1045,商圈101,二级组织,超大型,43122.5,6038.4,20128.0,129204
门店1910,城市1005,商圈104,五级组织,大型,54492.5,6916.64,23055.5,131828
门店1658,城市1005,商圈103,五级组织,大型,56213.5,5787.6,19292.0,125611
门店1578,城市1030,商圈104,八级组织,小型,55310.0,7536.75,25122.5,188138
门店1431,城市1012,商圈102,六级组织,小型,44230.5,7003.8,23346.0,134101
门店1701,城市1062,商圈101,四级组织,大型,58682.5,5642.25,18807.5,146810
门店1014,城市1023,商圈103,五级组织,中型,48400.0,6065.55,20218.5,190442
门店1785,城市1098,商圈105,八级组织,中型,49953.5,6636.45,22121.5,100293
门店1743,城市1020,商圈101,七级组织,中型,44879.5,6079.94,20266.5,199218
门店1016,城市1097,商圈101,四级组织,中型,51966.5,7219.65,24065.5,101294
门店1877,城市1001,商圈101,八级组织,中型,46747.5,7562.84,25209.5,173273
门店1667,城市1075,商圈101,十级组织,超大型,59208.5,5209.8,17366.0,128759
门店1727,城市1007,商圈101,六级组织,大型,51670.0,6294.9,20983.0,133286
门店1909,城市1059,商圈105,三级组织,小型,47801.5,6063.0,20210.0,149865
门店1459,城市1069,商圈102,十级组织,小型,43807.0,7854.0,26180.0,195471
门店1868,城市1100,商圈105,四级组织,小型,45493.5,5337.9,17793.0,140620
门店1211,城市1033,商圈101,五级组织,中型,49197.5,7569.3,25231.0,125423
门店1678,城市1051,商圈101,二级组织,大型,49248.0,6328.8,21096.0,128032
门店1271,城市1083,商圈104,八级组织,中型,48319.0,6360.0,21200.0,160701
门店1093,城市1083,商圈105,十级组织,中型,52488.5,7051.05,23503.5,189088
门店1504,城市1065,商圈101,三级组织,大型,56408.0,5899.04,19663.5,153549
门店1282,城市1053,商圈104,七级组织,大型,46853.5,6343.2,21144.0,176710
门店1617,城市1069,商圈104,九级组织,大型,50604.5,8370.44,27901.5,138926
门店1418,城市1071,商圈104,五级组织,中型,47969.5,6115.5,20385.0,122993
门店1799,城市1010,商圈105,七级组织,超大型,54354.0,6731.7,22439.0,131146
门店1685,城市1028,商圈103,二级组织,超大型,44344.0,6188.4,20628.0,124086
门店1715,城市1076,商圈105,六级组织,超大型,54412.0,7423.64,24745.5,171864
门店1642,城市1014,商圈101,十级组织,小型,46755.5,6584.1,21947.0,106164
门店1159,城市1061,商圈105,二级组织,超大型,45680.0,5161.34,17204.5,166435
门店1018,城市1005,商圈105,十级组织,中型,47186.0,5954.54,19848.5,154217
门店1370,城市1093,商圈104,七级组织,大型,48120.0,6309.3,21031.0,106559
门店1057,城市1060,商圈101,八级组织,中型,43375.0,7126.5,23755.0,164361
门店1773,城市1068,商圈103,四级组织,大型,47740.5,5396.85,17989.5,115829
门店1649,城市1025,商圈105,八级组织,大型,44191.0,7037.4,23458.0,130100
门店1247,城市1049,商圈102,一级组织,中型,44161.0,6657.0,22190.0,101937
门店1123,城市1004,商圈104,一级组织,超大型,56976.0,8270.69,27569.0,178845
门店1913,城市1025,商圈104,十级组织,超大型,49309.5,6731.85,22439.5,124650
门店1243,城市1018,商圈104,一级组织,超大型,50175.5,6218.54,20728.5,130778
门店1947,城市1075,商圈104,十级组织,大型,48920.0,4647.3,15491.0,130458
门店1153,城市1092,商圈102,四级组织,小型,56752.5,6117.45,20391.5,180216
门店1520,城市1001,商圈104,三级组织,中型,49793.5,8122.8,27076.0,179412
门店1426,城市1067,商圈101,五级组织,中型,47033.5,6134.25,20447.5,112123
门店1993,城市1092,商圈101,五级组织,小型,44810.0,6186.45,20621.5,167757
门店1444,城市1038,商圈102,二级组织,大型,49520.0,7102.19,23674.0,172242
门店1303,城市1045,商圈102,八级组织,中型,47575.0,6109.8,20366.0,103744
门店1272,城市1050,商圈102,五级组织,小型,43886.5,7810.2,26034.0,118708
门店1639,城市1071,商圈105,八级组织,中型,47584.0,5442.15,18140.5,128113
门店1866,城市1066,商圈104,六级组织,小型,47675.0,6672.45,22241.5,192971
门店1455,城市1040,商圈104,十级组织,小型,50446.5,6658.95,22196.5,115482
门店1187,城市1049,商圈105,二级组织,大型,47390.5,6700.04,22333.5,154066
门店1784,城市1022,商圈102,八级组织,小型,57839.5,6276.75,20922.5,132154
门店1002,城市1081,商圈105,九级组织,小型,51691.0,7143.44,23811.5,185804
门店1883,城市1014,商圈102,三级组织,大型,56863.5,6770.4,22568.0,144765
门店1722,城市1025,商圈104,四级组织,小型,56522.0,8334.0,27780.0,130368
门店1682,城市1013,商圈103,一级组织,大型,49595.5,8000.4,26668.0,129773
门店1278,城市1082,商圈105,五级组织,小型,54103.0,6038.54,20128.5,123384
门店1264,城市1020,商圈102,二级组织,大型,44252.0,7696.94,25656.5,153673
门店1268,城市1087,商圈102,三级组织,大型,44302.5,7100.7,23669.0,138421
门店1279,城市1039,商圈101,四级组织,超大型,52417.0,6030.9,20103.0,135252
门店1224,城市1077,商圈105,六级组织,大型,43366.0,7551.3,25171.0,154523
门店1379,城市1095,商圈104,二级组织,超大型,46374.5,6434.09,21447.0,122687
门店1403,城市1060,商圈102,六级组织,小型,53828.0,7925.39,26418.0,148690
门店1979,城市1054,商圈104,九级组织,大型,52239.0,7086.0,23620.0,137453
门店1337,城市1020,商圈102,八级组织,大型,49341.5,5887.8,19626.0,102725
门店1398,城市1087,商圈104,四级组织,超大型,46751.5,5631.0,18770.0,126322
门店1619,城市1071,商圈105,三级组织,小型,55895.0,7870.94,26236.5,119313
门店1823,城市1075,商圈101,五级组织,中型,56526.0,7485.15,24950.5,109469
门店1010,城市1001,商圈101,三级组织,大型,42298.0,6486.14,21620.5,189247
门店1740,城市1040,商圈101,六级组织,中型,47071.0,6712.05,22373.5,167086
门店1267,城市1052,商圈101,四级组织,超大型,51664.5,8412.9,28043.0,105291
门店1651,城市1085,商圈103,三级组织,超大型,45172.5,6936.0,23120.0,101868
门店1588,城市1063,商圈105,六级组织,超大型,50769.5,6194.1,20647.0,194239
门店1486,城市1077,商圈101,四级组织,中型,53521.0,5549.7,18499.0,127530
门店1957,城市1004,商圈104,二级组织,超大型,50849.0,5478.75,18262.5,167477
门店1347,城市1020,商圈103,八级组织,超大型,56733.0,5723.54,19078.5,143164
门店1653,城市1089,商圈103,八级组织,大型,51800.0,7788.9,25963.0,175313
门店1280,城市1029,商圈104,九级组织,超大型,50748.5,5517.14,18390.5,130407
门店1392,城市1060,商圈103,九级组织,超大型,49186.0,5377.5,17925.0,126793
门店1610,城市1007,商圈103,三级组织,小型,53636.5,5156.4,17188.0,148220
门店1635,城市1059,商圈102,一级组织,大型,48404.5,7438.2,24794.0,123794
门店1360,城市1046,商圈102,七级组织,超大型,51378.5,8092.2,26974.0,139310
门店1918,城市1071,商圈102,十级组织,中型,49583.0,6199.65,20665.5,162380
门店1602,城市1050,商圈101,七级组织,超大型,42605.0,5883.9,19613.0,183632
门店1165,城市1001,商圈103,八级组织,中型,45329.0,7962.45,26541.5,139169
门店1219,城市1004,商圈104,九级组织,超大型,45764.5,5658.74,18862.5,107432
门店1017,城市1053,商圈105,三级组织,超大型,54580.0,8359.2,27864.0,156900
门店1202,城市1094,商圈101,八级组织,超大型,49467.5,6766.5,22555.0,129050
门店1130,城市1094,商圈104,十级组织,超大型,46685.5,5611.65,18705.5,190005
门店1163,城市1038,商圈105,九级组织,小型,54604.5,5861.09,19537.0,141382
门店1338,城市1019,商圈102,九级组织,小型,56181.5,6526.35,21754.5,150895
门店1321,城市1043,商圈102,二级组织,超大型,52065.0,6922.94,23076.5,157314
门店1528,城市1038,商圈101,一级组织,大型,52011.0,6293.54,20978.5,111580
门店1255,城市1055,商圈103,八级组织,小型,57504.0,7153.35,23844.5,117538
门店1905,城市1077,商圈103,四级组织,小型,48606.0,7076.7,23589.0,112497
门店1253,城市1047,商圈103,七级组织,大型,51042.0,8152.2,27174.0,117826
门店1256,城市1076,商圈104,八级组织,大型,54564.0,7090.95,23636.5,188040
门店1252,城市1085,商圈101,十级组织,超大型,57502.0,7866.44,26221.5,181441
门店1565,城市1058,商圈104,六级组织,中型,43496.0,7153.95,23846.5,134712
门店1703,城市1078,商圈104,七级组织,大型,54693.5,5714.54,19048.5,182204
门店1070,城市1077,商圈105,九级组织,大型,51531.0,7224.15,24080.5,158879
门店1787,城市1029,商圈104,六级组织,小型,45774.0,5548.05,18493.5,194051
门店1809,城市1041,商圈103,七级组织,中型,42681.5,7086.6,23622.0,131881
门店1259,城市1053,商圈101,五级组织,小型,42406.0,6559.5,21865.0,102977
门店1473,城市1031,商圈103,六级组织,小型,50731.5,6688.8,22296.0,129041
门店1710,城市1029,商圈105,三级组织,大型,51975.0,5155.05,17183.5,185039
门店1812,城市1026,商圈104,六级组织,小型,48516.0,6466.65,21555.5,154647
门店1645,城市1097,商圈101,五级组织,超大型,55238.0,7162.35,23874.5,152266
门店1677,城市1053,商圈103,三级组织,中型,51732.5,5108.55,17028.5,111894
门店1137,城市1062,商圈101,五级组织,中型,47005.0,5202.0,17340.0,189532
门店1332,城市1051,商圈104,十级组织,中型,48210.5,6232.05,20773.5,197099
门店1034,城市1059,商圈103,四级组织,超大型,52504.5,6146.7,20489.0,184706
门店1723,城市1088,商圈103,八级组织,大型,46593.0,5189.09,17297.0,150228
门店1121,城市1007,商圈104,一级组织,小型,50921.5,6556.64,21855.5,178427
门店1152,城市1018,商圈105,七级组织,小型,53283.5,7503.3,25011.0,169371
门店1798,城市1040,商圈102,三级组织,中型,48646.5,6125.55,20418.5,131812
门店1814,城市1004,商圈104,五级组织,大型,48116.5,7685.55,25618.5,132733
门店1291,城市1063,商圈101,八级组织,小型,55634.0,7978.8,26596.0,105204
门店1923,城市1058,商圈102,六级组织,中型,48641.0,8422.5,28075.0,182941
门店1916,城市1060,商圈104,九级组织,小型,47955.0,8691.3,28971.0,182556
门店1322,城市1098,商圈101,十级组织,中型,47044.5,6233.7,20779.0,120246
门店1468,城市1046,商圈101,七级组织,大型,51877.5,5062.95,16876.5,108018
门店1147,城市1051,商圈103,八级组织,中型,49747.5,7020.3,23401.0,147641
门店1503,城市1050,商圈104,五级组织,大型,49446.5,4997.1,16657.0,199638
门店1531,城市1004,商圈103,五级组织,小型,42123.0,4818.59,16062.0,173826
门店1513,城市1028,商圈104,八级组织,大型,54231.0,7198.64,23995.5,101242
门店1069,城市1019,商圈102,二级组织,大型,47356.5,7275.15,24250.5,144008
门店1885,城市1078,商圈104,一级组织,大型,51842.0,5821.94,19406.5,193392
门店1417,城市1045,商圈104,五级组织,超大型,48454.5,6491.7,21639.0,103043
门店1464,城市1082,商圈105,六级组织,小型,55711.5,7283.4,24278.0,194364
门店1479,城市1076,商圈101,八级组织,大型,51338.5,6178.35,20594.5,138913
门店1633,城市1078,商圈101,三级组织,大型,46419.0,7126.35,23754.5,131888
门店1079,城市1002,商圈103,三级组织,超大型,55554.5,7467.3,24891.0,194076
门店1460,城市1099,商圈105,三级组织,大型,50054.5,8452.2,28174.0,131320
门店1216,城市1098,商圈104,三级组织,超大型,55026.0,7199.55,23998.5,144892
门店1976,城市1085,商圈101,十级组织,中型,51120.5,5820.75,19402.5,169702
门店1944,城市1085,商圈103,三级组织,中型,46696.0,7085.25,23617.5,138643
门店1050,城市1097,商圈102,九级组织,超大型,52943.0,6351.44,21171.5,187593
门店1095,城市1011,商圈102,七级组织,超大型,50768.0,7443.15,24810.5,152149
门店1637,城市1040,商圈104,一级组织,小型,45298.0,6511.35,21704.5,152840
门店1695,城市1034,商圈101,三级组织,小型,53246.5,6469.95,21566.5,183794
门店1241,城市1081,商圈102,九级组织,小型,58407.5,4706.7,15689.0,199654
门店1893,城市1083,商圈101,二级组织,超大型,51873.0,5625.75,18752.5,125385
门店1775,城市1042,商圈104,五级组织,中型,49845.0,7019.1,23397.0,117540
门店1601,城市1015,商圈102,三级组织,小型,57183.0,6068.85,20229.5,109750
门店1627,城市1094,商圈101,四级组织,超大型,45321.0,5490.3,18301.0,149983
门店1154,城市1001,商圈104,二级组织,超大型,47080.5,7269.0,24230.0,136005
门店1738,城市1081,商圈102,八级组织,超大型,48321.5,7351.04,24503.5,131575
门店1366,城市1080,商圈101,二级组织,小型,48791.0,5465.85,18219.5,153724
门店1005,城市1096,商圈101,七级组织,中型,55951.0,7450.35,24834.5,128184
门店1702,城市1028,商圈102,四级组织,大型,50122.5,7439.7,24799.0,177691
门店1888,城市1054,商圈105,七级组织,小型,49929.5,5956.04,19853.5,177610
门店1052,城市1078,商圈103,十级组织,超大型,55358.5,5466.3,18221.0,184193
门店1741,城市1061,商圈101,二级组织,超大型,52958.5,7604.7,25349.0,194383
门店1630,城市1073,商圈101,二级组织,大型,56980.0,6834.6,22782.0,192556
门店1090,城市1098,商圈102,四级组织,超大型,51979.0,5336.4,17788.0,192313
门店1889,城市1013,商圈105,八级组织,小型,51124.0,5447.4,18158.0,146981
门店1583,城市1086,商圈101,四级组织,大型,50133.0,5923.2,19744.0,182042
门店1824,城市1099,商圈102,十级组织,小型,49139.5,6282.3,20941.0,152096
门店1206,城市1006,商圈103,四级组织,超大型,50185.5,5743.04,19143.5,101738
门店1621,城市1064,商圈105,一级组织,中型,55638.5,6941.24,23137.5,130781
门店1039,城市1069,商圈101,九级组织,小型,57086.0,6316.35,21054.5,118206
门店1189,城市1093,商圈104,九级组织,超大型,57129.5,7044.59,23482.0,176365
门店1543,城市1024,商圈105,一级组织,超大型,54533.5,6753.15,22510.5,156867
门店1609,城市1016,商圈104,六级组织,小型,54039.5,7973.85,26579.5,131278
门店1393,城市1024,商圈105,九级组织,中型,45226.5,6078.3,20261.0,123395
门店1408,城市1003,商圈105,二级组织,大型,49329.0,5541.9,18473.0,126438
门店1474,城市1093,商圈101,四级组织,小型,49245.0,5796.3,19321.0,189218
门店1674,城市1007,商圈102,十级组织,超大型,58707.5,5783.55,19278.5,139051
门店1441,城市1083,商圈104,十级组织,小型,53620.5,6331.8,21106.0,140701
门店1665,城市1045,商圈102,八级组织,超大型,52004.5,7447.8,24826.0,192867
门店1789,城市1074,商圈103,八级组织,超大型,57116.5,6470.4,21568.0,190396
门店1348,城市1034,商圈102,八级组织,中型,42735.5,7743.3,25811.0,171427
门店1744,城市1049,商圈103,十级组织,中型,48545.5,7834.8,26116.0,136426
门店1451,城市1001,商圈104,四级组织,中型,50081.0,7067.55,23558.5,193583
门店1663,城市1054,商圈101,七级组织,大型,45952.5,7776.9,25923.0,124245
门店1060,城市1035,商圈102,九级组织,小型,48005.5,7045.8,23486.0,176298
门店1376,城市1012,商圈105,十级组织,小型,51131.0,5922.74,19742.5,162375
门店1109,城市1007,商圈105,四级组织,大型,52134.5,6214.04,20713.5,174198
门店1811,城市1008,商圈101,八级组织,小型,52504.5,7507.65,25025.5,113740
门店1659,城市1041,商圈101,四级组织,超大型,47272.5,6582.0,21940.0,162234
门店1063,城市1025,商圈102,六级组织,小型,41819.5,5989.94,19966.5,136360
门店1686,城市1100,商圈104,九级组织,中型,49964.0,4922.55,16408.5,112789
门店1688,城市1059,商圈105,七级组织,超大型,47753.5,8272.2,27574.0,112016
门店1912,城市1055,商圈103,二级组织,大型,49532.0,7512.3,25041.0,162091
门店1821,城市1094,商圈104,一级组织,大型,42380.0,4922.1,16407.0,140728
门店1921,城市1077,商圈104,一级组织,中型,40421.5,5124.45,17081.5,115693
门店1301,城市1072,商圈102,九级组织,中型,48800.5,6928.94,23096.5,124414
门店1687,城市1031,商圈103,五级组织,超大型,46873.5,7663.2,25544.0,133472
门店1753,城市1007,商圈104,二级组织,大型,58604.5,6223.94,20746.5,179037
门店1008,城市1061,商圈102,二级组织,大型,46885.5,5468.1,18227.0,187671
门店1977,城市1058,商圈102,四级组织,超大型,50851.0,7451.25,24837.5,136877
门店1611,城市1095,商圈103,六级组织,小型,48731.0,7695.15,25650.5,128137
门店1148,城市1095,商圈101,四级组织,超大型,48424.5,6335.7,21119.0,141399
门店1549,城市1001,商圈103,四级组织,超大型,44788.0,7985.99,26620.0,163562
门店1668,城市1059,商圈103,八级组织,大型,47577.0,7285.35,24284.5,145929
门店1333,城市1089,商圈104,六级组织,超大型,47943.0,8322.15,27740.5,130319
门店1184,城市1098,商圈105,七级组织,大型,51375.0,7399.65,24665.5,146663
门店1274,城市1037,商圈104,二级组织,中型,40206.0,8177.24,27257.5,127065
门店1739,城市1025,商圈103,三级组织,大型,50456.0,6381.9,21273.0,167124
门店1309,城市1018,商圈105,六级组织,小型,47538.5,6274.64,20915.5,140189
门店1763,城市1082,商圈101,四级组织,超大型,57375.0,7208.54,24028.5,120370
门店1766,城市1092,商圈104,七级组织,超大型,57440.0,6313.95,21046.5,121594
门店1433,城市1088,商圈104,七级组织,大型,49954.0,7648.95,25496.5,162904
门店1640,城市1007,商圈104,十级组织,大型,43969.5,7376.09,24587.0,110728
门店1377,城市1023,商圈105,十级组织,超大型,52234.0,7086.6,23622.0,176136
门店1822,城市1006,商圈101,九级组织,大型,45864.0,7516.5,25055.0,137897
门店1998,城市1094,商圈101,二级组织,中型,51351.5,8394.89,27983.0,117454
门店1078,城市1008,商圈102,五级组织,小型,44192.0,6346.2,21154.0,163262
门店1339,城市1073,商圈105,三级组织,中型,45697.5,6480.9,21603.0,184337
门店1157,城市1053,商圈101,三级组织,小型,49459.5,6271.5,20905.0,150405
门店1969,城市1017,商圈103,五级组织,大型,54946.0,7383.15,24610.5,108884
门店1509,城市1005,商圈105,五级组织,超大型,47917.0,8367.6,27892.0,169935
门店1029,城市1016,商圈103,八级组织,超大型,48302.0,4899.9,16333.0,138569
门店1295,城市1006,商圈101,七级组织,大型,43847.0,5937.15,19790.5,122654
门店1411,城市1010,商圈104,二级组织,中型,48928.5,7026.45,23421.5,135373
门店1598,城市1085,商圈101,三级组织,超大型,47849.0,5554.8,18516.0,195968
门店1856,城市1044,商圈105,六级组织,超大型,50366.5,6778.04,22593.5,117751
门店1894,城市1072,商圈103,十级组织,中型,47262.5,5710.8,19036.0,107452
门店1793,城市1033,商圈102,七级组织,大型,50699.5,7005.75,23352.5,135355
门店1191,城市1052,商圈101,三级组织,中型,49779.5,5509.05,18363.5,157509
门店1940,城市1067,商圈102,九级组织,大型,53460.0,6692.25,22307.5,143136
门店1238,城市1004,商圈103,四级组织,小型,50392.0,5931.15,19770.5,183179
门店1386,城市1076,商圈102,八级组织,中型,55124.0,6693.9,22313.0,179686
门店1730,城市1030,商圈101,八级组织,超大型,45962.0,5968.65,19895.5,178086
门店1987,城市1100,商圈102,七级组织,小型,50733.0,6388.65,21295.5,127614
门店1493,城市1075,商圈101,二级组织,中型,42945.0,7184.85,23949.5,149838
门店1690,城市1094,商圈101,十级组织,小型,46755.5,6292.8,20976.0,194981
门店1867,城市1091,商圈101,四级组织,大型,54428.0,5211.15,17370.5,110726
门店1958,城市1096,商圈102,七级组织,中型,50504.5,5596.04,18653.5,107750
门店1143,城市1051,商圈103,五级组织,小型,48246.5,6007.35,20024.5,117325
门店1239,城市1076,商圈103,九级组织,超大型,55482.0,6507.3,21691.0,146260
门店1306,城市1097,商圈101,四级组织,中型,51491.5,7176.9,23923.0,137972
门店1447,城市1020,商圈103,一级组织,小型,49683.0,7250.7,24169.0,172052
门店1139,城市1084,商圈102,五级组织,超大型,42512.0,5831.85,19439.5,136037
门店1457,城市1054,商圈101,一级组织,中型,55727.5,7452.45,24841.5,109045
门店1696,城市1057,商圈104,一级组织,中型,55702.5,6475.2,21584.0,113968
门店1914,城市1063,商圈101,一级组织,中型,55671.5,6825.75,22752.5,120659
门店1350,城市1051,商圈101,二级组织,超大型,47342.0,5418.14,18060.5,198610
门店1970,城市1090,商圈102,三级组织,中型,54777.0,6879.0,22930.0,163010
门店1045,城市1061,商圈104,十级组织,大型,53753.0,6474.44,21581.5,143293
门店1198,城市1016,商圈104,四级组织,小型,44098.0,7239.15,24130.5,128310
门店1100,城市1015,商圈102,三级组织,小型,56500.5,7396.8,24656.0,172450
门店1037,城市1043,商圈102,九级组织,小型,59749.0,6821.4,22738.0,116866
门店1378,城市1019,商圈101,二级组织,大型,51168.0,6787.04,22623.5,159140
门店1780,城市1097,商圈102,三级组织,大型,45944.5,7153.95,23846.5,190436
门店1182,城市1014,商圈103,六级组织,小型,47155.5,7598.55,25328.5,120694
门店1965,城市1053,商圈103,八级组织,大型,53145.0,7350.6,24502.0,188551
门店1115,城市1009,商圈104,六级组织,中型,56618.0,7682.7,25609.0,147583
门店1028,城市1030,商圈104,九级组织,中型,51252.0,6423.3,21411.0,169722
门店1324,城市1038,商圈105,八级组织,小型,54877.0,6251.7,20839.0,122535
门店1906,城市1078,商圈103,三级组织,小型,40563.5,6211.04,20703.5,198812
门店1734,城市1089,商圈104,六级组织,大型,54083.5,7719.44,25731.5,187656
门店1731,城市1078,商圈102,四级组织,大型,50484.5,7010.24,23367.5,196128
门店1120,城市1099,商圈105,十级组织,超大型,47105.0,8231.25,27437.5,121633
门店1532,城市1090,商圈102,四级组织,超大型,53057.0,7465.5,24885.0,144029
门店1290,城市1098,商圈104,十级组织,大型,47822.5,6729.6,22432.0,189335
门店1746,城市1059,商圈103,七级组织,中型,52808.5,6923.39,23078.0,192223
门店1461,城市1059,商圈103,五级组织,中型,54846.0,7192.2,23974.0,129033
门店1952,城市1099,商圈104,五级组织,中型,50364.5,6652.8,22176.0,125207
门店1412,城市1031,商圈103,六级组织,大型,47056.0,6037.35,20124.5,175774
门店1385,城市1032,商圈102,一级组织,大型,51401.0,8463.44,28211.5,152247
门店1805,城市1077,商圈103,十级组织,中型,52609.0,5968.65,19895.5,167507
门店1721,城市1016,商圈103,三级组织,中型,49329.0,6511.94,21706.5,112083
门店1903,城市1072,商圈105,三级组织,中型,49832.5,6347.84,21159.5,165741
门店1195,城市1069,商圈104,四级组织,小型,44817.0,6022.95,20076.5,127478
门店1407,城市1007,商圈104,八级组织,小型,49046.5,6761.54,22538.5,192712
门店1999,城市1071,商圈103,九级组织,大型,49131.5,7177.65,23925.5,169677
门店1341,城市1004,商圈104,三级组织,中型,47785.5,7685.25,25617.5,127934
门店1030,城市1007,商圈101,七级组织,中型,49139.5,5860.2,19534.0,149964
门店1145,城市1067,商圈103,二级组织,小型,51199.0,4969.2,16564.0,129914
门店1945,城市1044,商圈101,三级组织,小型,48138.0,7240.95,24136.5,194826
门店1884,城市1001,商圈103,十级组织,大型,56796.5,5361.0,17870.0,183754
门店1795,城市1055,商圈104,八级组织,中型,44843.5,7844.1,26147.0,140159
门店1554,城市1037,商圈101,五级组织,小型,42245.5,5089.05,16963.5,142706
门店1340,城市1084,商圈101,六级组织,中型,55671.0,7224.9,24083.0,145789
门店1240,城市1076,商圈103,三级组织,大型,51011.5,7789.95,25966.5,187910
门店1200,城市1086,商圈104,四级组织,中型,49594.5,6541.8,21806.0,180026
门店1414,城市1033,商圈103,四级组织,小型,50479.0,6854.1,22847.0,107318
门店1244,城市1046,商圈104,九级组织,中型,46022.0,6538.05,21793.5,124193
门店1796,城市1083,商圈102,四级组织,大型,44863.5,6893.69,22979.0,178041
门店1462,城市1065,商圈103,四级组织,超大型,47326.0,5480.1,18267.0,127948
门店1986,城市1047,商圈101,一级组织,中型,53007.5,5648.4,18828.0,174071
门店1828,城市1055,商圈105,五级组织,大型,45710.5,7016.85,23389.5,186435
门店1946,城市1069,商圈102,八级组织,小型,40921.0,7949.1,26497.0,152201
门店1064,城市1057,商圈102,四级组织,大型,46432.5,7627.05,25423.5,134807
门店1072,城市1023,商圈103,五级组织,中型,55940.5,8457.3,28191.0,149851
门店1813,城市1053,商圈103,三级组织,大型,44858.5,6861.44,22871.5,197518
门店1327,城市1034,商圈101,二级组织,大型,49223.5,5807.1,19357.0,127281
门店1133,城市1084,商圈103,九级组织,大型,55727.0,5928.75,19762.5,176115
门店1776,城市1063,商圈104,二级组织,小型,47255.0,5832.0,19440.0,187070
门店1220,城市1001,商圈101,七级组织,超大型,47194.0,7858.95,26196.5,137397
门店1683,城市1058,商圈102,十级组织,中型,48133.5,7284.3,24281.0,133774
门店1489,城市1091,商圈104,一级组织,大型,44192.5,6417.0,21390.0,119776
门店1066,城市1030,商圈102,六级组织,中型,57593.5,7764.14,25880.5,186940
门店1991,城市1076,商圈105,四级组织,小型,43008.0,7406.25,24687.5,113167
门店1103,城市1032,商圈101,七级组织,中型,46964.0,5503.95,18346.5,158037
门店1596,城市1082,商圈102,三级组织,中型,54066.0,8930.84,29769.5,178620
门店1656,城市1068,商圈102,三级组织,小型,45150.0,5175.3,17251.0,186749
门店1841,城市1059,商圈104,五级组织,大型,48098.0,6051.45,20171.5,163663
门店1768,城市1058,商圈105,十级组织,小型,58276.0,8586.75,28622.5,122720
门店1622,城市1083,商圈105,一级组织,大型,50164.0,6685.34,22284.5,153519
门店1362,城市1022,商圈103,十级组织,大型,44105.0,7363.2,24544.0,129952
门店1672,城市1060,商圈101,一级组织,超大型,49937.0,7036.2,23454.0,104108
门店1929,城市1003,商圈105,一级组织,小型,53061.0,6248.4,20828.0,104144
门店1546,城市1013,商圈102,七级组织,中型,49244.0,6346.04,21153.5,106689
门店1044,城市1081,商圈105,一级组织,小型,42247.0,7520.4,25068.0,142181
门店1428,城市1062,商圈104,八级组织,中型,45924.0,5635.2,18784.0,198287
门店1331,城市1092,商圈102,一级组织,大型,47816.0,6623.4,22078.0,120661
门店1855,城市1030,商圈101,九级组织,超大型,47981.0,6827.85,22759.5,116352
门店1729,城市1004,商圈104,七级组织,中型,52463.0,5424.0,18080.0,164475
门店1995,城市1100,商圈102,五级组织,超大型,55078.0,5849.24,19497.5,152005
门店1852,城市1069,商圈105,七级组织,小型,48272.0,5808.9,19363.0,177715
门店1847,城市1077,商圈105,五级组织,中型,54560.0,6608.55,22028.5,163406
门店1644,城市1015,商圈101,八级组织,小型,49269.0,7497.3,24991.0,104339
门店1242,城市1073,商圈105,七级组织,中型,59283.5,5099.7,16999.0,180807
门店1387,城市1021,商圈101,三级组织,小型,50158.5,8029.2,26764.0,149507
门店1136,城市1061,商圈105,五级组织,超大型,42180.5,7206.15,24020.5,138880
门店1168,城市1064,商圈104,五级组织,小型,49608.0,6662.84,22209.5,164017
门店1007,城市1033,商圈101,六级组织,小型,46105.0,6337.8,21126.0,165506
门店1334,城市1100,商圈105,五级组织,小型,44039.5,5470.35,18234.5,104465
门店1742,城市1003,商圈102,二级组织,小型,49895.0,7219.19,24064.0,136506
门店1488,城市1016,商圈104,四级组织,大型,49793.0,6970.65,23235.5,117308
门店1942,城市1084,商圈105,五级组织,小型,43077.0,5560.94,18536.5,142062
门店1258,城市1039,商圈101,八级组织,超大型,51187.0,5312.7,17709.0,144614
门店1886,城市1079,商圈102,九级组织,小型,48127.0,7778.84,25929.5,116044
门店1752,城市1016,商圈102,五级组织,中型,45737.5,6249.3,20831.0,112518
门店1890,城市1058,商圈103,二级组织,中型,47673.0,7037.55,23458.5,177075
门店1568,城市1072,商圈104,五级组织,中型,53390.0,7853.55,26178.5,116279
门店1939,城市1065,商圈104,九级组织,中型,45427.5,5697.3,18991.0,183710
门店1185,城市1086,商圈105,三级组织,超大型,46088.5,7366.34,24554.5,116204
门店1402,城市1051,商圈101,五级组织,中型,56419.0,7472.4,24908.0,195913
门店1405,城市1083,商圈105,七级组织,超大型,52918.5,6140.54,20468.5,187125
门店1024,城市1025,商圈102,三级组织,小型,54023.0,6907.05,23023.5,159029
门店1698,城市1075,商圈104,七级组织,大型,52496.5,5463.9,18213.0,154288
门店1228,城市1048,商圈104,五级组织,超大型,49116.0,8028.6,26762.0,169664
门店1174,城市1095,商圈101,十级组织,中型,50209.5,6885.15,22950.5,158383
门店1335,城市1010,商圈104,九级组织,小型,49967.0,7312.34,24374.5,126355
门店1021,城市1059,商圈103,一级组织,小型,48050.0,6531.9,21773.0,123478
门店1344,城市1078,商圈105,二级组织,大型,52992.0,5513.25,18377.5,117260
门店1075,城市1073,商圈105,六级组织,中型,40795.5,6778.8,22596.0,138738
门店1865,城市1076,商圈102,一级组织,小型,53649.5,7623.0,25410.0,119315
门店1299,城市1052,商圈103,二级组织,超大型,50188.0,5981.1,19937.0,176250
门店1496,城市1041,商圈105,八级组织,大型,51950.5,7760.1,25867.0,110788
门店1550,城市1075,商圈105,一级组织,小型,53651.5,6047.55,20158.5,169073
门店1586,城市1068,商圈103,二级组织,中型,52232.0,5863.2,19544.0,132622
门店1114,城市1075,商圈102,八级组织,大型,52252.5,6444.74,21482.5,141277
门店1563,城市1021,商圈105,九级组织,中型,43781.5,6283.8,20946.0,180757
门店1065,城市1058,商圈105,七级组织,超大型,51423.5,6651.45,22171.5,123035
门店1112,城市1083,商圈103,四级组织,中型,46767.0,6434.4,21448.0,144834
门店1012,城市1042,商圈104,五级组织,中型,55323.5,8925.6,29752.0,124070
门店1736,城市1094,商圈104,七级组织,中型,57466.5,5931.45,19771.5,159327
门店1966,城市1001,商圈101,五级组织,超大型,48643.0,5029.65,16765.5,139273
门店1539,城市1035,商圈101,二级组织,中型,52161.5,6337.34,21124.5,102401
门店1375,城市1024,商圈104,二级组织,小型,48473.5,7166.84,23889.5,158326
门店1351,城市1096,商圈105,三级组织,超大型,49525.5,6058.65,20195.5,120363
门店1954,城市1040,商圈101,二级组织,小型,46432.0,5006.09,16687.0,101127
门店1480,城市1038,商圈101,八级组织,小型,49524.5,5214.45,17381.5,129547
门店1636,城市1055,商圈101,四级组织,中型,50070.0,4920.15,16400.5,182725
门店1382,城市1066,商圈101,二级组织,大型,49104.5,5280.0,17600.0,140312
门店1359,城市1017,商圈104,六级组织,大型,49701.5,6173.1,20577.0,113415
门店1025,城市1060,商圈105,十级组织,小型,48684.5,8380.94,27936.5,117069
门店1087,城市1026,商圈102,九级组织,中型,51397.0,5265.0,17550.0,122108
门店1196,城市1063,商圈105,六级组织,小型,51699.5,7342.95,24476.5,126470
门店1217,城市1075,商圈102,五级组织,小型,57373.5,5857.05,19523.5,166437
门店1926,城市1037,商圈101,四级组织,小型,47089.0,6883.05,22943.5,183355
门店1585,城市1083,商圈101,二级组织,小型,58080.0,7060.35,23534.5,121521
门店1615,城市1001,商圈102,二级组织,中型,52776.5,6142.34,20474.5,174924
门店1936,城市1067,商圈101,六级组织,大型,42252.0,6830.24,22767.5,121744
门店1296,城市1075,商圈105,二级组织,中型,48243.5,6834.0,22780.0,151512
门店1328,城市1046,商圈103,十级组织,超大型,52303.0,5271.45,17571.5,170089
门店1453,城市1090,商圈102,四级组织,中型,45877.5,8017.34,26724.5,165864
门店1557,城市1055,商圈101,五级组织,中型,48154.0,6597.44,21991.5,128427
门店1925,城市1062,商圈101,九级组织,大型,48484.5,8264.25,27547.5,149686
门店1573,城市1040,商圈104,二级组织,小型,44718.5,6847.35,22824.5,126319
门店1590,城市1086,商圈105,七级组织,中型,44531.0,7334.55,24448.5,163933
门店1704,城市1022,商圈101,一级组织,大型,47736.5,6055.94,20186.5,191116
门店1984,城市1007,商圈104,四级组织,中型,46709.0,6308.54,21028.5,109472
门店1670,城市1097,商圈104,六级组织,大型,45617.5,5455.8,18186.0,181196
门店1899,城市1053,商圈103,五级组织,大型,52616.5,6630.75,22102.5,121179
门店1098,城市1032,商圈102,二级组织,超大型,58291.0,4957.94,16526.5,160732
门店1435,城市1083,商圈102,四级组织,中型,47639.5,5951.54,19838.5,176210
门店1354,城市1084,商圈105,二级组织,小型,51143.0,7644.14,25480.5,161072
门店1757,城市1072,商圈101,三级组织,中型,54831.5,7503.9,25013.0,133728
门店1978,城市1007,商圈102,八级组织,超大型,52055.0,6972.9,23243.0,129689
门店1629,城市1003,商圈104,二级组织,大型,51134.0,5525.4,18418.0,199930
门店1817,城市1047,商圈105,五级组织,小型,50990.5,7139.55,23798.5,121434
门店1094,城市1012,商圈102,六级组织,中型,42996.5,8541.0,28470.0,166343
门店1032,城市1061,商圈104,三级组织,超大型,45146.0,7145.85,23819.5,188090
门店1081,城市1065,商圈103,七级组织,大型,48867.5,4940.25,16467.5,118433
门店1325,城市1039,商圈104,一级组织,大型,55891.0,8162.7,27209.0,192214
门店1469,城市1091,商圈101,十级组织,小型,51578.0,6029.55,20098.5,178525
门店1733,城市1021,商圈102,四级组织,中型,46747.0,7359.3,24531.0,103834
门店1806,城市1016,商圈101,二级组织,小型,52449.0,6818.54,22728.5,130908
门店1158,城市1005,商圈105,三级组织,中型,42580.5,5886.9,19623.0,123953
门店1440,城市1006,商圈103,十级组织,小型,46711.0,5074.5,16915.0,176418
门店1221,城市1100,商圈104,三级组织,超大型,56549.0,4808.1,16027.0,128038
门店1465,城市1044,商圈102,五级组织,大型,43365.0,7953.74,26512.5,154499
门店1476,城市1012,商圈102,六级组织,大型,47979.0,5278.05,17593.5,178773
门店1020,城市1036,商圈105,三级组织,小型,49060.0,6069.45,20231.5,121456
门店1580,城市1041,商圈103,二级组织,超大型,48047.5,7222.95,24076.5,195024
门店1700,城市1029,商圈104,三级组织,超大型,55977.5,8185.5,27285.0,119808
门店1751,城市1009,商圈101,九级组织,大型,46672.5,6029.25,20097.5,142344
门店1725,城市1061,商圈104,一级组织,中型,47203.0,7399.5,24665.0,147277
门店1800,城市1007,商圈102,一级组织,超大型,48913.0,7011.45,23371.5,135391
门店1257,城市1067,商圈102,四级组织,超大型,50424.0,6437.25,21457.5,150752
门店1963,城市1004,商圈101,七级组织,中型,44919.5,6456.45,21521.5,177132
门店1606,城市1005,商圈102,八级组织,小型,56445.0,5745.74,19152.5,177201
门店1749,城市1024,商圈103,四级组织,大型,48966.0,8467.65,28225.5,136555
门店1801,城市1028,商圈105,一级组织,中型,43191.5,6015.0,20050.0,172375
门店1484,城市1036,商圈102,二级组织,中型,47245.5,6679.95,22266.5,195846
门店1837,城市1099,商圈101,二级组织,超大型,43637.0,5256.6,17522.0,100780
门店1022,城市1100,商圈104,十级组织,大型,42874.0,7102.8,23676.0,161436
门店1213,城市1019,商圈101,五级组织,超大型,56726.5,7477.8,24926.0,167200
门店1099,城市1016,商圈101,八级组织,中型,48743.0,7397.85,24659.5,159242
门店1051,城市1092,商圈103,四级组织,中型,52436.0,4986.9,16623.0,102116
门店1853,城市1092,商圈104,二级组织,大型,43814.5,6195.9,20653.0,162412
门店1430,城市1054,商圈102,四级组织,大型,57016.5,7826.7,26089.0,158721
门店1871,城市1043,商圈102,三级组织,小型,45238.0,5887.95,19626.5,181978
门店1142,城市1002,商圈103,十级组织,大型,48696.5,5319.3,17731.0,121528
门店1499,城市1072,商圈102,四级组织,小型,45760.5,6222.9,20743.0,189796
门店1104,城市1066,商圈105,十级组织,大型,56014.0,7194.3,23981.0,175613
门店1260,城市1038,商圈101,一级组织,小型,57982.0,6804.45,22681.5,166247
门店1399,城市1020,商圈101,四级组织,小型,57989.0,7181.4,23938.0,176813
门店1533,城市1017,商圈103,七级组织,小型,44230.0,7453.5,24845.0,139668
门店1961,城市1043,商圈105,五级组织,中型,53435.5,4841.09,16137.0,111476
门店1684,城市1020,商圈101,九级组织,中型,47476.0,7972.35,26574.5,136692
门店1576,城市1032,商圈101,十级组织,超大型,54706.0,6827.84,22759.5,119474
门店1807,城市1070,商圈103,六级组织,超大型,47530.5,6722.4,22408.0,134966
门店1643,城市1054,商圈104,一级组织,小型,43565.0,7186.05,23953.5,139526
门店1419,城市1063,商圈101,四级组织,超大型,50727.5,7516.64,25055.5,194839
门店1199,城市1021,商圈105,二级组织,中型,51677.5,6237.44,20791.5,100946
门店1506,城市1020,商圈101,九级组织,超大型,53692.5,7684.2,25614.0,129796
门店1190,城市1058,商圈105,五级组织,超大型,48132.5,7781.55,25938.5,119881
门店1511,城市1096,商圈105,一级组织,小型,57749.0,6646.95,22156.5,136723
门店1971,城市1055,商圈105,八级组织,中型,51060.5,5754.14,19180.5,180551
门店1266,城市1011,商圈105,一级组织,中型,56327.5,6956.4,23188.0,133863
门店1983,城市1082,商圈102,八级组织,中型,56723.0,6780.44,22601.5,197568
门店1059,城市1083,商圈103,三级组织,小型,49669.5,8099.7,26999.0,150436
门店1212,城市1026,商圈101,三级组织,大型,44980.5,4761.45,15871.5,111932
门店1357,城市1052,商圈101,九级组织,超大型,52898.5,7284.74,24282.5,190779
门店1967,城市1062,商圈105,九级组织,大型,51136.5,5830.2,19434.0,115306
门店1726,城市1049,商圈105,五级组织,大型,49689.5,7388.1,24627.0,158982
门店1396,城市1084,商圈104,五级组织,超大型,50923.5,6212.7,20709.0,188339
门店1003,城市1015,商圈105,五级组织,超大型,50447.5,8078.24,26927.5,119939
门店1858,城市1097,商圈101,九级组织,中型,51766.5,6825.6,22752.0,187057
门店1491,城市1048,商圈102,九级组织,超大型,53357.5,6059.1,20197.0,142556
门店1949,城市1078,商圈101,一级组织,中型,50874.0,5959.05,19863.5,100990
门店1661,城市1063,商圈105,三级组织,小型,48894.5,6592.65,21975.5,113538
门店1023,城市1066,商圈104,二级组织,中型,47401.5,8679.9,28933.0,137712
门店1996,城市1047,商圈101,十级组织,中型,46357.0,6359.4,21198.0,175341
门店1564,城市1093,商圈105,五级组织,中型,55024.0,8136.0,27120.0,118994
门店1485,城市1016,商圈105,四级组织,超大型,59535.5,5830.05,19433.5,135413
门店1956,城市1066,商圈105,四级组织,小型,48986.5,8213.99,27380.0,197888
门店1989,城市1047,商圈105,一级组织,超大型,46874.0,8386.04,27953.5,148980
门店1141,城市1074,商圈105,一级组织,大型,51523.0,8571.9,28573.0,142574
门店1618,城市1097,商圈103,五级组织,超大型,48312.0,7798.65,25995.5,197355
门店1429,城市1054,商圈104,七级组织,超大型,54175.5,7033.04,23443.5,188212
门店1101,城市1020,商圈102,三级组织,大型,48568.0,5521.8,18406.0,113955
门店1422,城市1063,商圈102,一级组织,小型,48866.0,4664.55,15548.5,144308
门店1804,城市1040,商圈103,七级组织,小型,52464.0,7395.15,24650.5,111821
门店1593,城市1031,商圈102,一级组织,中型,53310.0,5378.7,17929.0,159936
门店1934,城市1031,商圈102,四级组织,中型,50794.5,7924.34,26414.5,126663
门店1119,城市1094,商圈105,三级组织,大型,51676.0,6293.1,20977.0,191685
门店1110,城市1030,商圈103,三级组织,超大型,47972.0,5579.85,18599.5,122737
门店1711,城市1091,商圈104,二级组织,小型,50221.0,7247.1,24157.0,197979
门店1208,城市1046,商圈103,二级组织,大型,57392.0,6859.34,22864.5,187664
门店1495,城市1019,商圈101,三级组织,小型,53543.0,7105.65,23685.5,186371
门店1358,城市1015,商圈101,七级组织,超大型,46791.5,5387.4,17958.0,118401
门店1397,城市1030,商圈102,三级组织,大型,55680.5,6639.15,22130.5,104924
门店1400,城市1083,商圈104,八级组织,超大型,47317.5,5559.75,18532.5,168690
门店1650,城市1015,商圈102,一级组织,超大型,47863.0,5474.55,18248.5,144102
门店1834,城市1078,商圈105,五级组织,超大型,56768.5,6067.2,20224.0,141507
门店1313,城市1074,商圈104,十级组织,大型,48998.0,7386.3,24621.0,161525
门店1288,城市1053,商圈105,二级组织,超大型,49992.0,4996.8,16656.0,187329
门店1209,城市1023,商圈102,六级组织,大型,44941.0,6187.34,20624.5,178440
门店1875,城市1092,商圈103,四级组织,大型,52174.5,6791.24,22637.5,128605
门店1892,城市1004,商圈103,四级组织,小型,57265.0,6572.1,21907.0,153581
门店1648,城市1003,商圈104,二级组织,超大型,50573.0,6168.44,20561.5,184726
门店1071,城市1078,商圈104,六级组织,大型,50965.5,5244.45,17481.5,107018
门店1179,城市1022,商圈102,五级组织,大型,51140.5,7505.85,25019.5,188664
门店1245,城市1030,商圈105,七级组织,大型,46506.0,7713.3,25711.0,197414
门店1691,城市1068,商圈102,三级组织,大型,47674.0,8477.4,28258.0,106671
门店1748,城市1025,商圈102,二级组织,中型,50875.0,7014.3,23381.0,196065
门店1173,城市1036,商圈104,一级组织,中型,50234.5,7664.7,25549.0,172652
门店1988,城市1099,商圈103,二级组织,大型,50982.5,7205.85,24019.5,140304
门店1794,城市1043,商圈104,六级组织,中型,48165.0,7487.7,24959.0,179462
门店1927,城市1012,商圈101,四级组织,超大型,51430.0,5107.2,17024.0,142622
门店1675,城市1029,商圈103,十级组织,中型,53517.0,6789.0,22630.0,194576
门店1881,城市1012,商圈103,九级组织,超大型,41796.0,7343.4,24478.0,181163
门店1552,城市1074,商圈104,四级组织,小型,51706.0,6112.05,20373.5,104219
门店1518,城市1018,商圈103,六级组织,中型,48097.5,6102.3,20341.0,166413
门店1759,城市1090,商圈103,一级组织,中型,42808.5,7232.69,24109.0,106397
门店1876,城市1012,商圈104,六级组织,大型,51035.5,8356.5,27855.0,100714
门店1317,城市1049,商圈103,九级组织,超大型,49048.0,5593.2,18644.0,131425
门店1613,城市1075,商圈102,八级组织,超大型,55495.5,6658.8,22196.0,108116
门店1631,城市1094,商圈105,三级组织,小型,48446.5,6141.0,20470.0,190834
门店1155,城市1051,商圈102,四级组织,小型,42809.5,7470.3,24901.0,196392
门店1624,城市1061,商圈105,五级组织,超大型,47685.5,5315.25,17717.5,103283
门店1941,城市1047,商圈103,九级组织,大型,46580.0,7277.55,24258.5,194621
门店1521,城市1075,商圈101,五级组织,大型,53930.0,5685.45,18951.5,189637
门店1027,城市1090,商圈104,三级组织,小型,56204.5,8140.2,27134.0,182369
门店1772,城市1082,商圈101,十级组织,大型,49963.0,6140.4,20468.0,106226
门店1497,城市1024,商圈101,二级组织,中型,45977.0,6393.75,21312.5,110277
门店1676,城市1011,商圈102,四级组织,小型,44721.5,7517.24,25057.5,196745
门店1803,城市1080,商圈103,七级组织,超大型,55665.0,4947.74,16492.5,197728
门店1505,城市1080,商圈103,三级组织,小型,48360.0,5961.14,19870.5,127290
门店1625,城市1044,商圈101,八级组织,中型,51255.5,6062.25,20207.5,138071
门店1840,城市1093,商圈102,五级组织,小型,52506.0,6713.85,22379.5,109058
门店1463,城市1098,商圈103,六级组织,小型,54473.0,5680.35,18934.5,199748
门店1647,城市1057,商圈105,六级组织,中型,41091.5,6416.85,21389.5,114649
门店1843,城市1073,商圈105,九级组织,中型,51390.0,5395.2,17984.0,109495
门店1836,城市1055,商圈104,四级组织,中型,56393.0,7048.2,23494.0,117552
门店1293,城市1098,商圈101,五级组织,大型,50359.5,5669.24,18897.5,139614
门店1714,城市1017,商圈104,六级组织,中型,51668.5,6823.2,22744.0,154195
门店1861,城市1004,商圈102,三级组织,大型,54199.0,7078.5,23595.0,103960
门店1134,城市1010,商圈102,七级组织,超大型,47804.0,6451.8,21506.0,156098
门店1263,城市1074,商圈101,四级组织,大型,46093.0,6733.2,22444.0,133156
门店1864,城市1009,商圈101,二级组织,大型,51875.0,4861.8,16206.0,160298
门店1897,城市1065,商圈102,三级组织,大型,44519.0,4905.0,16350.0,138111
门店1982,城市1047,商圈102,八级组织,超大型,56512.0,6264.45,20881.5,158438
门店1608,城市1015,商圈103,二级组织,大型,48108.0,6317.55,21058.5,188894
门店1210,城市1076,商圈103,五级组织,超大型,45646.0,5698.5,18995.0,120425
门店1223,城市1032,商圈103,五级组织,大型,47082.0,7537.05,25123.5,152694
门店1275,城市1013,商圈102,一级组织,超大型,57989.5,6386.24,21287.5,106702
门店1481,城市1012,商圈105,四级组织,超大型,56687.5,7534.64,25115.5,110740
门店1790,城市1025,商圈103,三级组织,小型,49378.5,6352.35,21174.5,162288
门店1315,城市1096,商圈105,八级组织,小型,48625.0,7271.24,24237.5,131121
门店1383,城市1075,商圈103,三级组织,超大型,50921.0,6771.3,22571.0,172994
门店1356,城市1100,商圈104,二级组织,大型,41941.5,6005.1,20017.0,164903
